Date,Sector,ValueIndex,VolumeIndex,Year,Month,YearMonth
2023-01-01,All retail incl. fuel,98.7,101.0,2023,Jan,2023-01
2023-01-01,Clothing & footwear,99.7,103.2,2023,Jan,2023-01
2023-01-01,Food stores,96.5,100.7,2023,Jan,2023-01
2023-01-01,Household goods,101.0,101.4,2023,Jan,2023-01
2023-01-01,Non-food stores,98.5,100.6,2023,Jan,2023-01
2023-01-01,Non-store retailing,97.4,99.1,2023,Jan,2023-01
2023-02-01,All retail incl. fuel,100.0,101.4,2023,Feb,2023-02
2023-02-01,Clothing & footwear,101.4,103.5,2023,Feb,2023-02
2023-02-01,Food stores,98.2,101.4,2023,Feb,2023-02
2023-02-01,Household goods,99.2,99.6,2023,Feb,2023-02
2023-02-01,Non-food stores,100.7,102.1,2023,Feb,2023-02
2023-02-01,Non-store retailing,98.6,99.7,2023,Feb,2023-02
2023-03-01,All retail incl. fuel,98.9,100.1,2023,Mar,2023-03
2023-03-01,Clothing & footwear,99.1,100.5,2023,Mar,2023-03
2023-03-01,Food stores,98.4,100.6,2023,Mar,2023-03
2023-03-01,Household goods,100.5,100.2,2023,Mar,2023-03
2023-03-01,Non-food stores,99.0,99.8,2023,Mar,2023-03
2023-03-01,Non-store retailing,98.6,99.5,2023,Mar,2023-03
2023-04-01,All retail incl. fuel,100.7,101.4,2023,Apr,2023-04
2023-04-01,Clothing & footwear,102.0,102.9,2023,Apr,2023-04
2023-04-01,Food stores,100.1,101.2,2023,Apr,2023-04
2023-04-01,Household goods,102.7,102.3,2023,Apr,2023-04
2023-04-01,Non-food stores,102.1,102.5,2023,Apr,2023-04
2023-04-01,Non-store retailing,99.6,100.1,2023,Apr,2023-04
2023-05-01,All retail incl. fuel,100.1,100.2,2023,May,2023-05
2023-05-01,Clothing & footwear,100.8,100.8,2023,May,2023-05
2023-05-01,Food stores,100.4,100.4,2023,May,2023-05
2023-05-01,Household goods,101.9,101.2,2023,May,2023-05
2023-05-01,Non-food stores,101.2,100.9,2023,May,2023-05
2023-05-01,Non-store retailing,99.6,100.0,2023,May,2023-05
2023-06-01,All retail incl. fuel,100.8,101.0,2023,Jun,2023-06
2023-06-01,Clothing & footwear,103.1,102.7,2023,Jun,2023-06
2023-06-01,Food stores,101.4,100.8,2023,Jun,2023-06
2023-06-01,Household goods,101.4,101.3,2023,Jun,2023-06
2023-06-01,Non-food stores,102.2,102.1,2023,Jun,2023-06
2023-06-01,Non-store retailing,99.4,99.9,2023,Jun,2023-06
2023-07-01,All retail incl. fuel,99.7,99.8,2023,Jul,2023-07
2023-07-01,Clothing & footwear,100.1,99.4,2023,Jul,2023-07
2023-07-01,Food stores,99.6,98.8,2023,Jul,2023-07
2023-07-01,Household goods,101.4,101.3,2023,Jul,2023-07
2023-07-01,Non-food stores,100.9,100.5,2023,Jul,2023-07
2023-07-01,Non-store retailing,100.8,101.2,2023,Jul,2023-07
2023-08-01,All retail incl. fuel,100.6,99.7,2023,Aug,2023-08
2023-08-01,Clothing & footwear,99.2,98.3,2023,Aug,2023-08
2023-08-01,Food stores,101.0,99.5,2023,Aug,2023-08
2023-08-01,Household goods,101.3,101.1,2023,Aug,2023-08
2023-08-01,Non-food stores,100.4,99.7,2023,Aug,2023-08
2023-08-01,Non-store retailing,102.1,101.1,2023,Aug,2023-08
2023-09-01,All retail incl. fuel,100.1,98.7,2023,Sep,2023-09
2023-09-01,Clothing & footwear,96.5,95.0,2023,Sep,2023-09
2023-09-01,Food stores,101.9,100.1,2023,Sep,2023-09
2023-09-01,Household goods,99.1,99.0,2023,Sep,2023-09
2023-09-01,Non-food stores,98.1,97.2,2023,Sep,2023-09
2023-09-01,Non-store retailing,99.6,98.4,2023,Sep,2023-09
2023-10-01,All retail incl. fuel,100.9,99.3,2023,Oct,2023-10
2023-10-01,Clothing & footwear,99.6,98.2,2023,Oct,2023-10
2023-10-01,Food stores,102.5,100.6,2023,Oct,2023-10
2023-10-01,Household goods,97.0,97.4,2023,Oct,2023-10
2023-10-01,Non-food stores,98.6,97.8,2023,Oct,2023-10
2023-10-01,Non-store retailing,101.5,100.2,2023,Oct,2023-10
2023-11-01,All retail incl. fuel,102.1,100.8,2023,Nov,2023-11
2023-11-01,Clothing & footwear,101.2,100.0,2023,Nov,2023-11
2023-11-01,Food stores,102.8,101.0,2023,Nov,2023-11
2023-11-01,Household goods,98.6,99.0,2023,Nov,2023-11
2023-11-01,Non-food stores,101.1,100.5,2023,Nov,2023-11
2023-11-01,Non-store retailing,102.9,101.8,2023,Nov,2023-11
2023-12-01,All retail incl. fuel,98.0,97.2,2023,Dec,2023-12
2023-12-01,Clothing & footwear,98.1,96.7,2023,Dec,2023-12
2023-12-01,Food stores,97.4,95.6,2023,Dec,2023-12
2023-12-01,Household goods,96.5,96.8,2023,Dec,2023-12
2023-12-01,Non-food stores,97.9,97.3,2023,Dec,2023-12
2023-12-01,Non-store retailing,100.5,99.7,2023,Dec,2023-12
2024-01-01,All retail incl. fuel,101.3,100.4,2024,Jan,2024-01
2024-01-01,Clothing & footwear,98.5,97.2,2024,Jan,2024-01
2024-01-01,Food stores,102.2,100.0,2024,Jan,2024-01
2024-01-01,Household goods,96.1,96.7,2024,Jan,2024-01
2024-01-01,Non-food stores,100.2,99.5,2024,Jan,2024-01
2024-01-01,Non-store retailing,100.8,100.1,2024,Jan,2024-01
2024-02-01,All retail incl. fuel,101.6,100.5,2024,Feb,2024-02
2024-02-01,Clothing & footwear,98.7,96.6,2024,Feb,2024-02
2024-02-01,Food stores,101.9,100.0,2024,Feb,2024-02
2024-02-01,Household goods,95.9,96.7,2024,Feb,2024-02
2024-02-01,Non-food stores,101.1,100.5,2024,Feb,2024-02
2024-02-01,Non-store retailing,101.7,101.0,2024,Feb,2024-02
2024-03-01,All retail incl. fuel,100.8,99.9,2024,Mar,2024-03
2024-03-01,Clothing & footwear,97.8,96.0,2024,Mar,2024-03
2024-03-01,Food stores,100.8,98.6,2024,Mar,2024-03
2024-03-01,Household goods,96.1,97.0,2024,Mar,2024-03
2024-03-01,Non-food stores,100.7,100.0,2024,Mar,2024-03
2024-03-01,Non-store retailing,100.5,100.2,2024,Mar,2024-03
2024-04-01,All retail incl. fuel,99.7,98.8,2024,Apr,2024-04
2024-04-01,Clothing & footwear,94.9,93.1,2024,Apr,2024-04
2024-04-01,Food stores,100.0,98.0,2024,Apr,2024-04
2024-04-01,Household goods,93.4,94.2,2024,Apr,2024-04
2024-04-01,Non-food stores,98.9,98.3,2024,Apr,2024-04
2024-04-01,Non-store retailing,101.0,100.3,2024,Apr,2024-04
2024-05-01,All retail incl. fuel,102.2,101.2,2024,May,2024-05
2024-05-01,Clothing & footwear,100.3,98.2,2024,May,2024-05
2024-05-01,Food stores,101.1,98.9,2024,May,2024-05
2024-05-01,Household goods,96.8,98.2,2024,May,2024-05
2024-05-01,Non-food stores,102.1,101.5,2024,May,2024-05
2024-05-01,Non-store retailing,106.6,106.6,2024,May,2024-05
2024-06-01,All retail incl. fuel,100.4,99.5,2024,Jun,2024-06
2024-06-01,Clothing & footwear,98.0,96.5,2024,Jun,2024-06
2024-06-01,Food stores,99.8,97.3,2024,Jun,2024-06
2024-06-01,Household goods,94.1,95.3,2024,Jun,2024-06
2024-06-01,Non-food stores,99.8,99.5,2024,Jun,2024-06
2024-06-01,Non-store retailing,103.9,104.0,2024,Jun,2024-06
2024-07-01,All retail incl. fuel,101.3,100.4,2024,Jul,2024-07
2024-07-01,Clothing & footwear,98.1,96.1,2024,Jul,2024-07
2024-07-01,Food stores,100.9,98.2,2024,Jul,2024-07
2024-07-01,Household goods,93.3,94.7,2024,Jul,2024-07
2024-07-01,Non-food stores,101.2,100.7,2024,Jul,2024-07
2024-07-01,Non-store retailing,104.7,104.6,2024,Jul,2024-07
2024-08-01,All retail incl. fuel,101.7,100.8,2024,Aug,2024-08
2024-08-01,Clothing & footwear,99.7,97.9,2024,Aug,2024-08
2024-08-01,Food stores,102.2,99.4,2024,Aug,2024-08
2024-08-01,Household goods,95.1,96.6,2024,Aug,2024-08
2024-08-01,Non-food stores,101.6,101.2,2024,Aug,2024-08
2024-08-01,Non-store retailing,101.9,102.2,2024,Aug,2024-08
2024-09-01,All retail incl. fuel,101.3,100.8,2024,Sep,2024-09
2024-09-01,Clothing & footwear,99.2,97.3,2024,Sep,2024-09
2024-09-01,Food stores,101.3,98.3,2024,Sep,2024-09
2024-09-01,Household goods,95.1,96.8,2024,Sep,2024-09
2024-09-01,Non-food stores,102.7,102.4,2024,Sep,2024-09
2024-09-01,Non-store retailing,102.1,102.5,2024,Sep,2024-09
2024-10-01,All retail incl. fuel,100.6,100.1,2024,Oct,2024-10
2024-10-01,Clothing & footwear,97.4,95.5,2024,Oct,2024-10
2024-10-01,Food stores,100.8,97.5,2024,Oct,2024-10
2024-10-01,Household goods,95.1,96.6,2024,Oct,2024-10
2024-10-01,Non-food stores,101.5,101.1,2024,Oct,2024-10
2024-10-01,Non-store retailing,101.9,102.2,2024,Oct,2024-10
2024-11-01,All retail incl. fuel,100.9,100.1,2024,Nov,2024-11
2024-11-01,Clothing & footwear,93.9,91.5,2024,Nov,2024-11
2024-11-01,Food stores,101.5,97.9,2024,Nov,2024-11
2024-11-01,Household goods,95.0,96.8,2024,Nov,2024-11
2024-11-01,Non-food stores,101.5,100.8,2024,Nov,2024-11
2024-11-01,Non-store retailing,102.7,102.9,2024,Nov,2024-11
2024-12-01,All retail incl. fuel,101.5,100.2,2024,Dec,2024-12
2024-12-01,Clothing & footwear,97.8,95.4,2024,Dec,2024-12
2024-12-01,Food stores,101.8,97.9,2024,Dec,2024-12
2024-12-01,Household goods,97.2,98.7,2024,Dec,2024-12
2024-12-01,Non-food stores,103.2,102.4,2024,Dec,2024-12
2024-12-01,Non-store retailing,100.3,99.9,2024,Dec,2024-12
2025-01-01,All retail incl. fuel,101.2,99.1,2025,Jan,2025-01
2025-01-01,Clothing & footwear,96.1,93.5,2025,Jan,2025-01
2025-01-01,Food stores,103.9,99.0,2025,Jan,2025-01
2025-01-01,Household goods,95.9,96.6,2025,Jan,2025-01
2025-01-01,Non-food stores,100.8,99.4,2025,Jan,2025-01
2025-01-01,Non-store retailing,96.7,95.6,2025,Jan,2025-01
2025-02-01,All retail incl. fuel,103.4,101.2,2025,Feb,2025-02
2025-02-01,Clothing & footwear,99.5,97.6,2025,Feb,2025-02
2025-02-01,Food stores,103.3,98.3,2025,Feb,2025-02
2025-02-01,Household goods,102.2,103.6,2025,Feb,2025-02
2025-02-01,Non-food stores,104.5,103.6,2025,Feb,2025-02
2025-02-01,Non-store retailing,102.3,101.6,2025,Feb,2025-02
2025-03-01,All retail incl. fuel,103.6,102.1,2025,Mar,2025-03
2025-03-01,Clothing & footwear,101.1,98.3,2025,Mar,2025-03
2025-03-01,Food stores,104.0,99.1,2025,Mar,2025-03
2025-03-01,Household goods,98.5,100.3,2025,Mar,2025-03
2025-03-01,Non-food stores,105.0,104.2,2025,Mar,2025-03
2025-03-01,Non-store retailing,104.6,105.2,2025,Mar,2025-03
2025-04-01,All retail incl. fuel,103.1,102.1,2025,Apr,2025-04
2025-04-01,Clothing & footwear,99.7,98.0,2025,Apr,2025-04
2025-04-01,Food stores,104.5,99.4,2025,Apr,2025-04
2025-04-01,Household goods,97.2,100.0,2025,Apr,2025-04
2025-04-01,Non-food stores,103.6,103.5,2025,Apr,2025-04
2025-04-01,Non-store retailing,105.3,105.9,2025,Apr,2025-04
2025-05-01,All retail incl. fuel,101.5,100.3,2025,May,2025-05
2025-05-01,Clothing & footwear,95.4,93.3,2025,May,2025-05
2025-05-01,Food stores,103.2,97.7,2025,May,2025-05
2025-05-01,Household goods,94.3,95.9,2025,May,2025-05
2025-05-01,Non-food stores,101.0,100.4,2025,May,2025-05
2025-05-01,Non-store retailing,105.3,105.9,2025,May,2025-05
2025-06-01,All retail incl. fuel,102.3,100.6,2025,Jun,2025-06
2025-06-01,Clothing & footwear,97.9,95.4,2025,Jun,2025-06
2025-06-01,Food stores,104.6,98.4,2025,Jun,2025-06
2025-06-01,Household goods,96.1,98.0,2025,Jun,2025-06
2025-06-01,Non-food stores,101.8,101.0,2025,Jun,2025-06
2025-06-01,Non-store retailing,105.7,105.9,2025,Jun,2025-06
2025-07-01,All retail incl. fuel,104.1,102.1,2025,Jul,2025-07
2025-07-01,Clothing & footwear,101.3,98.6,2025,Jul,2025-07
2025-07-01,Food stores,107.0,100.7,2025,Jul,2025-07
2025-07-01,Household goods,97.0,99.1,2025,Jul,2025-07
2025-07-01,Non-food stores,102.8,101.8,2025,Jul,2025-07
2025-07-01,Non-store retailing,108.2,108.0,2025,Jul,2025-07
2025-08-01,All retail incl. fuel,103.9,101.6,2025,Aug,2025-08
2025-08-01,Clothing & footwear,101.6,98.9,2025,Aug,2025-08
2025-08-01,Food stores,105.8,99.2,2025,Aug,2025-08
2025-08-01,Household goods,97.7,99.6,2025,Aug,2025-08
2025-08-01,Non-food stores,104.1,103.1,2025,Aug,2025-08
2025-08-01,Non-store retailing,109.8,109.7,2025,Aug,2025-08
2025-09-01,All retail incl. fuel,105.0,102.7,2025,Sep,2025-09
2025-09-01,Clothing & footwear,105.6,102.7,2025,Sep,2025-09
2025-09-01,Food stores,106.5,99.6,2025,Sep,2025-09
2025-09-01,Household goods,97.5,100.0,2025,Sep,2025-09
2025-09-01,Non-food stores,105.6,104.7,2025,Sep,2025-09
2025-09-01,Non-store retailing,110.7,111.3,2025,Sep,2025-09
2025-10-01,All retail incl. fuel,104.4,101.9,2025,Oct,2025-10
2025-10-01,Clothing & footwear,102.8,99.9,2025,Oct,2025-10
2025-10-01,Food stores,106.2,99.0,2025,Oct,2025-10
2025-10-01,Household goods,100.4,102.7,2025,Oct,2025-10
2025-10-01,Non-food stores,105.4,104.4,2025,Oct,2025-10
2025-10-01,Non-store retailing,108.2,108.3,2025,Oct,2025-10
2025-11-01,All retail incl. fuel,104.2,101.5,2025,Nov,2025-11
2025-11-01,Clothing & footwear,104.3,101.6,2025,Nov,2025-11
2025-11-01,Food stores,106.2,98.8,2025,Nov,2025-11
2025-11-01,Household goods,100.6,103.6,2025,Nov,2025-11
2025-11-01,Non-food stores,105.4,104.5,2025,Nov,2025-11
2025-11-01,Non-store retailing,105.0,104.6,2025,Nov,2025-11
2025-12-01,All retail incl. fuel,104.6,101.6,2025,Dec,2025-12
2025-12-01,Clothing & footwear,102.6,99.4,2025,Dec,2025-12
2025-12-01,Food stores,106.5,98.8,2025,Dec,2025-12
2025-12-01,Household goods,96.6,99.2,2025,Dec,2025-12
2025-12-01,Non-food stores,104.0,102.9,2025,Dec,2025-12
2025-12-01,Non-store retailing,110.1,109.5,2025,Dec,2025-12
2026-01-01,All retail incl. fuel,106.7,103.6,2026,Jan,2026-01
2026-01-01,Clothing & footwear,103.9,100.7,2026,Jan,2026-01
2026-01-01,Food stores,108.2,100.1,2026,Jan,2026-01
2026-01-01,Household goods,101.5,103.9,2026,Jan,2026-01
2026-01-01,Non-food stores,107.3,106.2,2026,Jan,2026-01
2026-01-01,Non-store retailing,111.7,111.2,2026,Jan,2026-01
2026-02-01,All retail incl. fuel,105.8,102.6,2026,Feb,2026-02
2026-02-01,Clothing & footwear,102.5,99.5,2026,Feb,2026-02
2026-02-01,Food stores,107.1,99.2,2026,Feb,2026-02
2026-02-01,Household goods,98.2,100.4,2026,Feb,2026-02
2026-02-01,Non-food stores,106.6,105.2,2026,Feb,2026-02
2026-02-01,Non-store retailing,111.0,110.3,2026,Feb,2026-02
2026-03-01,All retail incl. fuel,107.6,103.3,2026,Mar,2026-03
2026-03-01,Clothing & footwear,104.1,100.9,2026,Mar,2026-03
2026-03-01,Food stores,106.9,98.2,2026,Mar,2026-03
2026-03-01,Household goods,101.2,103.4,2026,Mar,2026-03
2026-03-01,Non-food stores,107.7,106.2,2026,Mar,2026-03
2026-03-01,Non-store retailing,114.1,111.3,2026,Mar,2026-03
2026-04-01,All retail incl. fuel,108.2,102.6,2026,Apr,2026-04
2026-04-01,Clothing & footwear,102.4,99.1,2026,Apr,2026-04
2026-04-01,Food stores,108.2,99.5,2026,Apr,2026-04
2026-04-01,Household goods,102.3,103.6,2026,Apr,2026-04
2026-04-01,Non-food stores,108.3,106.2,2026,Apr,2026-04
2026-04-01,Non-store retailing,113.1,108.8,2026,Apr,2026-04
2026-05-01,All retail incl. fuel,109.1,103.8,2026,May,2026-05
2026-05-01,Clothing & footwear,102.9,99.8,2026,May,2026-05
2026-05-01,Food stores,107.7,99.2,2026,May,2026-05
2026-05-01,Household goods,105.1,106.8,2026,May,2026-05
2026-05-01,Non-food stores,109.2,107.2,2026,May,2026-05
2026-05-01,Non-store retailing,118.3,115.1,2026,May,2026-05
2026-06-01,All retail incl. fuel,109.9,104.8,2026,Jun,2026-06
2026-06-01,Clothing & footwear,104.5,101.7,2026,Jun,2026-06
2026-06-01,Food stores,108.1,99.5,2026,Jun,2026-06
2026-06-01,Household goods,104.2,106.2,2026,Jun,2026-06
2026-06-01,Non-food stores,109.8,107.9,2026,Jun,2026-06
2026-06-01,Non-store retailing,122.9,120.2,2026,Jun,2026-06
